,date,open,high,low,close,volume,bar_count,average
0,20170424,0.7569,0.75845,0.7539,0.757,,,
1,20170425,0.7568,0.7572,0.75205,0.75355,,,
2,20170426,0.7533,0.7557,0.7455,0.7474,,,
3,20170427,0.74735,0.74925,0.74405,0.74645,,,
4,20170428,0.74685,0.7491,0.7448,0.7489,,,
5,20170501,0.74835,0.75405,0.74745,0.7526,,,
6,20170502,0.75235,0.7556,0.75105,0.75355,,,
7,20170503,0.75355,0.7546,0.742,0.7423,,,
8,20170504,0.7421,0.74305,0.7383,0.74095,,,
9,20170505,0.7411,0.74265,0.73675,0.74175,,,
10,20170508,0.74135,0.74245,0.7378,0.73865,,,
11,20170509,0.7386,0.73985,0.7329,0.7344,,,
12,20170510,0.7346,0.73945,0.7339,0.73665,,,
13,20170511,0.73545,0.7383,0.7339,0.7379,,,
14,20170512,0.7373,0.7421,0.73685,0.7387,,,
15,20170515,0.7391,0.7446,0.7385,0.74135,,,
16,20170516,0.7415,0.74385,0.7395,0.7426,,,
17,20170517,0.74255,0.74435,0.7389,0.74315,,,
18,20170518,0.743,0.7467,0.74085,0.7419,,,
19,20170519,0.7419,0.747,0.74065,0.74595,,,
20,20170522,0.7447,0.7489,0.74355,0.7476,,,
21,20170523,0.74755,0.75175,0.74665,0.74775,,,
22,20170524,0.7484,0.75075,0.74425,0.75035,,,
23,20170525,0.7505,0.7516,0.7451,0.7454,,,
24,20170526,0.74555,0.74615,0.7422,0.74465,,,
25,20170529,0.74425,0.74505,0.7427,0.744,,,
26,20170530,0.7441,0.74695,0.74165,0.7465,,,
27,20170531,0.74655,0.7476,0.74245,0.74305,,,
28,20170601,0.74355,0.7455,0.7373,0.7374,,,
29,20170602,0.73745,0.7447,0.73745,0.7445,,,
30,20170605,0.74275,0.74985,0.74225,0.74865,,,
31,20170606,0.7486,0.7522,0.7457,0.7506,,,
32,20170607,0.7509,0.75665,0.75,0.75495,,,
33,20170608,0.75515,0.75545,0.7525,0.7546,,,
34,20170609,0.75285,0.75445,0.75195,0.75305,,,
35,20170612,0.7534,0.7547,0.7522,0.7541,,,
36,20170613,0.7541,0.7565,0.75245,0.75375,,,
37,20170614,0.75365,0.76355,0.75325,0.75885,,,
38,20170615,0.75925,0.76315,0.75685,0.7579,,,
39,20170616,0.75815,0.763,0.75765,0.76205,,,
40,20170619,0.7623,0.7629,0.7585,0.75975,,,
41,20170620,0.76045,0.7624,0.75705,0.758,,,
42,20170621,0.7581,0.7582,0.7543,0.7553,,,
43,20170622,0.7555,0.7562,0.75355,0.7541,,,
44,20170623,0.7541,0.7583,0.75385,0.75685,,,
45,20170626,0.7566,0.75995,0.7563,0.75855,,,
46,20170627,0.7584,0.76245,0.7577,0.7583,,,
47,20170628,0.7581,0.7645,0.75775,0.76395,,,
48,20170629,0.76365,0.7686,0.7635,0.76835,,,
49,20170630,0.76845,0.77125,0.7667,0.7688,,,
50,20170703,0.76865,0.76955,0.76445,0.7661,,,
51,20170704,0.76585,0.76835,0.75915,0.76045,,,
52,20170705,0.76045,0.7632,0.75715,0.76035,,,
53,20170706,0.7604,0.7615,0.7577,0.75855,,,
54,20170707,0.75845,0.76235,0.75725,0.76005,,,
55,20170710,0.75985,0.7615,0.75865,0.7606,,,
56,20170711,0.7605,0.76425,0.7603,0.76375,,,
57,20170712,0.76385,0.76855,0.7635,0.7678,,,
58,20170713,0.76785,0.774,0.76745,0.77305,,,
59,20170714,0.773,0.78345,0.77265,0.78275,,,
60,20170717,0.78305,0.78385,0.77925,0.7801,,,
61,20170718,0.7797,0.7943,0.77865,0.79165,,,
62,20170719,0.7915,0.7959,0.79095,0.79525,,,
63,20170720,0.7953,0.79885,0.78975,0.7958,,,
64,20170721,0.7956,0.79595,0.7875,0.79155,,,
65,20170724,0.79075,0.79675,0.79035,0.7924,,,
66,20170725,0.7925,0.79705,0.79025,0.7937,,,
67,20170726,0.7939,0.8014,0.7878,0.8006,,,
68,20170727,0.80055,0.8066,0.79565,0.79665,,,
69,20170728,0.79685,0.80075,0.7937,0.79875,,,
70,20170731,0.79835,0.80045,0.79565,0.80025,,,
71,20170801,0.80025,0.80435,0.7961,0.79685,,,
72,20170802,0.7968,0.7993,0.79415,0.7967,,,
73,20170803,0.79665,0.7969,0.79145,0.79495,,,
74,20170804,0.795,0.798,0.78915,0.79265,,,
75,20170807,0.79205,0.7949,0.78995,0.79125,,,
76,20170808,0.7913,0.7943,0.7887,0.79145,,,
77,20170809,0.79145,0.7915,0.78555,0.78885,,,
78,20170810,0.78875,0.7911,0.7867,0.7875,,,
79,20170811,0.7875,0.79095,0.7839,0.78945,,,
80,20170814,0.7893,0.7919,0.7845,0.7852,,,
81,20170815,0.7851,0.7877,0.7808,0.78205,,,
82,20170816,0.78225,0.7934,0.7817,0.7925,,,
83,20170817,0.793,0.7963,0.78805,0.7885,,,
84,20170818,0.7888,0.79445,0.787,0.79285,,,
85,20170821,0.79295,0.79505,0.7911,0.79395,,,
86,20170822,0.79385,0.7951,0.7898,0.79115,,,
87,20170823,0.7911,0.79185,0.78825,0.7904,,,
88,20170824,0.7906,0.7916,0.7867,0.79015,,,
89,20170825,0.79025,0.79545,0.78855,0.7936,,,
90,20170828,0.79285,0.7973,0.7926,0.7963,,,
91,20170829,0.79605,0.7983,0.7906,0.7951,,,
92,20170830,0.7952,0.7996,0.789,0.7904,,,
93,20170831,0.7905,0.795,0.78715,0.79465,,,
94,20170901,0.79475,0.79955,0.79215,0.797,,,
95,20170904,0.795,0.7973,0.7942,0.7944,,,
96,20170905,0.79445,0.80285,0.79425,0.7996,,,
97,20170906,0.79935,0.80215,0.79635,0.8,,,
98,20170907,0.80005,0.8049,0.79745,0.8047,,,
99,20170908,0.8046,0.8125,0.8043,0.8053,,,
100,20170911,0.80565,0.80585,0.80185,0.8029,,,
101,20170912,0.80275,0.80495,0.7998,0.80195,,,
102,20170913,0.8021,0.8044,0.79705,0.79855,,,
103,20170914,0.7984,0.80165,0.79555,0.8005,,,
104,20170915,0.80025,0.80355,0.7987,0.8003,,,
105,20170918,0.79975,0.80355,0.794,0.79625,,,
106,20170919,0.7959,0.802,0.79585,0.80105,,,
107,20170920,0.80105,0.81035,0.7986,0.80315,,,
108,20170921,0.80295,0.80365,0.7917,0.7931,,,
109,20170922,0.7933,0.79865,0.7908,0.7959,,,
110,20170925,0.79515,0.7974,0.79265,0.79365,,,
111,20170926,0.79365,0.7949,0.78595,0.7886,,,
112,20170927,0.7886,0.7889,0.78365,0.7849,,,
113,20170928,0.785,0.78605,0.77995,0.7856,,,
114,20170929,0.7856,0.7856,0.7817,0.78345,,,
115,20171002,0.78355,0.7848,0.77955,0.7827,,,
116,20171003,0.7829,0.78385,0.77855,0.78355,,,
117,20171004,0.78335,0.7875,0.783,0.78625,,,
118,20171005,0.7861,0.78655,0.7787,0.77955,,,
119,20171006,0.77945,0.77985,0.7733,0.777,,,
120,20171009,0.77745,0.77825,0.77475,0.77535,,,
121,20171010,0.7755,0.7797,0.775,0.7778,,,
122,20171011,0.7778,0.7809,0.7771,0.7789,,,
123,20171012,0.7788,0.7836,0.77865,0.782,,,
124,20171013,0.7822,0.78975,0.78205,0.789,,,
125,20171016,0.7887,0.789,0.7843,0.7851,,,
126,20171017,0.78505,0.7861,0.78185,0.7846,,,
127,20171018,0.7845,0.78585,0.7819,0.78465,,,
128,20171019,0.7847,0.7884,0.7841,0.78785,,,
129,20171020,0.78795,0.78825,0.78085,0.78175,,,
130,20171023,0.7814,0.78345,0.7796,0.78065,,,
131,20171024,0.7808,0.7825,0.77705,0.7776,,,
132,20171025,0.77765,0.7784,0.76905,0.77035,,,
133,20171026,0.7707,0.77195,0.76555,0.76615,,,
134,20171027,0.7663,0.76795,0.7625,0.76775,,,
135,20171030,0.7675,0.7691,0.76555,0.7688,,,
136,20171031,0.7688,0.7699,0.764,0.76565,,,
137,20171101,0.7656,0.7696,0.76485,0.76755,,,
138,20171102,0.76765,0.773,0.7673,0.77135,,,
139,20171103,0.7715,0.77165,0.76395,0.76515,,,
140,20171106,0.765,0.76925,0.76385,0.76905,,,
141,20171107,0.769,0.77005,0.76275,0.76445,,,
142,20171108,0.7642,0.7685,0.7642,0.76765,,,
143,20171109,0.76795,0.7694,0.76495,0.76805,,,
144,20171110,0.7682,0.76955,0.7654,0.76595,,,
145,20171113,0.76515,0.7666,0.76165,0.7623,,,
146,20171114,0.7622,0.765,0.761,0.76315,,,
147,20171115,0.76295,0.76325,0.75735,0.75885,,,
148,20171116,0.7587,0.761,0.757,0.7588,,,
149,20171117,0.75895,0.7608,0.7536,0.7568,,,
150,20171120,0.7561,0.7574,0.7544,0.755,,,
151,20171121,0.7548,0.75905,0.75325,0.7578,,,
152,20171122,0.75765,0.76235,0.75555,0.7619,,,
153,20171123,0.7614,0.76385,0.7604,0.76255,,,
154,20171124,0.7627,0.76325,0.7607,0.76175,,,
155,20171127,0.7616,0.7645,0.7593,0.76025,,,
156,20171128,0.76035,0.762,0.7588,0.7595,,,
157,20171129,0.75985,0.7608,0.7552,0.75715,,,
158,20171130,0.757,0.75945,0.75565,0.7567,,,
159,20171201,0.75665,0.7639,0.75515,0.76115,,,
160,20171204,0.75915,0.7614,0.75795,0.75985,,,
161,20171205,0.75975,0.7654,0.75975,0.76075,,,
162,20171206,0.7606,0.76365,0.75585,0.75635,,,
163,20171207,0.75695,0.75695,0.75055,0.7511,,,
164,20171208,0.75095,0.75335,0.75015,0.75115,,,
165,20171211,0.7504,0.75455,0.75035,0.75265,,,
166,20171212,0.75265,0.758,0.75195,0.75585,,,
167,20171213,0.75625,0.76395,0.7553,0.76365,,,
168,20171214,0.76345,0.76795,0.76275,0.7666,,,
169,20171215,0.7665,0.76945,0.7638,0.76465,,,
170,20171218,0.76445,0.76775,0.7641,0.7663,,,
171,20171219,0.7661,0.7684,0.7646,0.7663,,,
172,20171220,0.7662,0.76795,0.76515,0.76665,,,
173,20171221,0.7666,0.77075,0.76535,0.7702,,,
174,20171222,0.7703,0.7721,0.77005,0.77165,,,
175,20171226,0.7723,0.773,0.77125,0.77275,,,
176,20171227,0.7728,0.7779,0.7724,0.77675,,,
177,20171228,0.777,0.78095,0.77655,0.77935,,,
178,20171229,0.77985,0.7825,0.77885,0.78025,,,
179,20180102,0.77995,0.7845,0.7799,0.78305,,,
180,20180103,0.7829,0.7845,0.78055,0.78355,,,
181,20180104,0.7836,0.78665,0.78145,0.78635,,,
182,20180105,0.78675,0.7875,0.7835,0.78645,,,
183,20180108,0.7865,0.78725,0.7827,0.78415,,,
184,20180109,0.78425,0.78645,0.78075,0.78235,,,
185,20180110,0.7822,0.7867,0.78085,0.78425,,,
186,20180111,0.78435,0.78945,0.7838,0.78915,,,
187,20180112,0.7892,0.79245,0.7848,0.7917,,,
188,20180115,0.79125,0.7979,0.79075,0.79655,,,
189,20180116,0.7964,0.7975,0.7937,0.79615,,,
190,20180117,0.79585,0.8023,0.79405,0.79695,,,
191,20180118,0.79655,0.8007,0.79415,0.8,,,
192,20180119,0.79995,0.8039,0.79825,0.79975,,,
193,20180122,0.8001,0.8027,0.7979,0.80175,,,
194,20180123,0.80145,0.803,0.79565,0.8,,,
195,20180124,0.79995,0.8083,0.79935,0.8062,,,
196,20180125,0.8054,0.8119,0.80115,0.8025,,,
197,20180126,0.80275,0.8136,0.8005,0.8111,,,
198,20180129,0.81045,0.81185,0.8074,0.8094,,,
199,20180130,0.80965,0.8114,0.80425,0.8082,,,
200,20180131,0.8086,0.8117,0.8035,0.8056,,,
201,20180201,0.80555,0.80675,0.79875,0.80395,,,
202,20180202,0.80385,0.8044,0.79185,0.79245,,,
203,20180205,0.79175,0.7954,0.7875,0.7878,,,
204,20180206,0.78815,0.79105,0.78355,0.79065,,,
205,20180207,0.7907,0.7908,0.7817,0.7823,,,
206,20180208,0.78185,0.78435,0.7776,0.77805,,,
207,20180209,0.77785,0.78305,0.7759,0.78145,,,
208,20180212,0.78155,0.7864,0.78095,0.7861,,,
209,20180213,0.7859,0.78765,0.7828,0.78595,,,
210,20180214,0.78565,0.79345,0.77735,0.7926,,,
211,20180215,0.79265,0.79665,0.7892,0.79445,,,
212,20180216,0.79405,0.7989,0.78925,0.7911,,,
213,20180219,0.7908,0.79355,0.78985,0.7913,,,
214,20180220,0.7915,0.79335,0.7874,0.78835,,,
215,20180221,0.7881,0.7903,0.7803,0.7804,,,
216,20180222,0.7804,0.786,0.77905,0.78455,,,
217,20180223,0.7846,0.78475,0.78045,0.7844,,,
218,20180226,0.78395,0.78935,0.7826,0.7855,,,
219,20180227,0.7854,0.78685,0.77835,0.7789,,,
220,20180228,0.779,0.78195,0.77605,0.77615,,,
221,20180301,0.7759,0.77695,0.77125,0.77565,,,
222,20180302,0.7757,0.7774,0.77375,0.77605,,,
223,20180305,0.7764,0.77705,0.7726,0.7765,,,
224,20180306,0.7764,0.78425,0.77565,0.78285,,,
225,20180307,0.78205,0.783,0.7772,0.7825,,,
226,20180308,0.78235,0.7839,0.7773,0.7789,,,
227,20180309,0.77845,0.7854,0.77765,0.78485,,,
228,20180312,0.7851,0.788,0.7848,0.78725,,,
229,20180313,0.7873,0.78975,0.7846,0.786,,,
230,20180314,0.7858,0.79165,0.78515,0.7877,,,
231,20180315,0.78755,0.78855,0.7795,0.77985,,,
232,20180316,0.77995,0.78045,0.771,0.77135,,,
233,20180319,0.77165,0.7726,0.7687,0.7718,,,
234,20180320,0.77185,0.7721,0.76785,0.76835,,,
235,20180321,0.7683,0.778,0.76725,0.77655,,,
236,20180322,0.7766,0.7786,0.7687,0.76935,,,
237,20180323,0.76955,0.7744,0.7687,0.76975,,,
238,20180326,0.7701,0.77505,0.7696,0.7747,,,
239,20180327,0.77465,0.77575,0.76755,0.7679,,,
240,20180328,0.76785,0.77025,0.76535,0.76625,,,
241,20180329,0.76615,0.76895,0.7643,0.7678,,,
242,20180330,0.7678,0.7707,0.76725,0.768,,,
243,20180402,0.76865,0.7695,0.765,0.76635,,,
244,20180403,0.76595,0.7707,0.76525,0.76845,,,
245,20180404,0.76855,0.77215,0.7663,0.77165,,,
246,20180405,0.7716,0.77265,0.7674,0.7684,,,
247,20180406,0.76835,0.76995,0.76575,0.7673,,,
248,20180409,0.76785,0.7711,0.7652,0.76975,,,
249,20180410,0.76975,0.7768,0.7694,0.7762,,,
250,20180411,0.77595,0.7773,0.77395,0.77525,,,
251,20180412,0.77585,0.77715,0.7738,0.7755,,,
252,20180413,0.77565,0.781,0.77525,0.7763,,,
253,20180416,0.7765,0.77835,0.7752,0.778,,,
254,20180417,0.77795,0.77915,0.77605,0.77655,,,
255,20180418,0.7773,0.77975,0.77445,0.77835,,,
256,20180419,0.77845,0.7813,0.7719,0.773,,,
257,20180420,0.773,0.77315,0.76555,0.7669,,,
258,20180423,0.76735,0.7683,0.75995,0.7605,,,
259,20180424,0.76055,0.7621,0.7579,0.7604,,,
260,20180425,0.7603,0.76065,0.7552,0.75645,,,
261,20180426,0.7565,0.7589,0.75465,0.75555,,,
262,20180427,0.75545,0.7584,0.7532,0.75805,,,
263,20180430,0.75775,0.7582,0.75255,0.75295,,,
264,20180501,0.75315,0.75465,0.74725,0.74905,,,
265,20180502,0.74895,0.75375,0.74755,0.7494,,,
266,20180503,0.7493,0.7543,0.74855,0.75325,,,
267,20180504,0.75325,0.75605,0.74925,0.75415,,,
268,20180507,0.75395,0.7543,0.7493,0.7514,,,
269,20180508,0.75145,0.7528,0.7434,0.74555,,,
270,20180509,0.74535,0.7473,0.7412,0.74595,,,
271,20180510,0.7463,0.754,0.7455,0.7533,,,
272,20180511,0.75325,0.7567,0.75225,0.7542,,,
273,20180514,0.75435,0.7565,0.7525,0.7526,,,
274,20180515,0.7524,0.75375,0.74475,0.7473,,,
275,20180516,0.7474,0.7523,0.74475,0.75155,,,
276,20180517,0.7518,0.7548,0.7498,0.7512,,,
277,20180518,0.7512,0.7528,0.74885,0.751,,,
278,20180521,0.75195,0.75865,0.7503,0.75805,,,
279,20180522,0.7583,0.76055,0.7566,0.75755,,,
280,20180523,0.75765,0.75825,0.75225,0.7561,,,
281,20180524,0.75615,0.7583,0.7542,0.75765,,,
282,20180525,0.7577,0.759,0.7543,0.75475,,,
283,20180528,0.75615,0.7581,0.754,0.75465,,,
284,20180529,0.7546,0.7553,0.7498,0.75055,,,
285,20180530,0.7505,0.7584,0.74765,0.75785,,,
286,20180531,0.75765,0.75935,0.7553,0.7568,,,
287,20180601,0.7566,0.7574,0.75145,0.7567,,,
288,20180604,0.75675,0.76665,0.7561,0.76475,,,
289,20180605,0.76485,0.7656,0.7595,0.7616,,,
290,20180606,0.7616,0.7677,0.76155,0.7668,,,
291,20180607,0.7667,0.7673,0.76125,0.7625,,,
292,20180608,0.76235,0.76275,0.75605,0.76005,,,
293,20180611,0.75915,0.7622,0.7591,0.761,,,
294,20180612,0.7609,0.7624,0.7566,0.7572,,,
295,20180613,0.7572,0.7609,0.75295,0.75785,,,
296,20180614,0.75785,0.75825,0.7475,0.74785,,,
297,20180615,0.7472,0.74805,0.7439,0.74395,,,
298,20180618,0.74405,0.74545,0.74135,0.7424,,,
299,20180619,0.74245,0.7427,0.73475,0.7381,,,
300,20180620,0.738,0.7409,0.7367,0.7368,,,
301,20180621,0.7372,0.7394,0.73455,0.7379,,,
302,20180622,0.738,0.7444,0.7374,0.7441,,,
303,20180625,0.74405,0.7444,0.73965,0.7414,,,
304,20180626,0.7414,0.7423,0.738,0.73945,,,
305,20180627,0.73935,0.74075,0.7323,0.73405,,,
306,20180628,0.7345,0.7362,0.733,0.73535,,,
307,20180629,0.73505,0.74095,0.73355,0.74065,,,
308,20180702,0.7405,0.74165,0.73105,0.73385,,,
309,20180703,0.73425,0.74045,0.73145,0.7386,,,
310,20180704,0.7385,0.74245,0.73745,0.73815,,,
311,20180705,0.738,0.7408,0.73615,0.7387,,,
312,20180706,0.73875,0.74445,0.7376,0.743,,,
313,20180709,0.74335,0.7484,0.74235,0.74675,,,
314,20180710,0.7465,0.7484,0.74305,0.74595,,,
315,20180711,0.74395,0.7447,0.7364,0.73665,,,
316,20180712,0.7371,0.742,0.73605,0.7408,,,
317,20180713,0.7408,0.7424,0.7368,0.74235,,,
318,20180716,0.74235,0.74425,0.7409,0.74205,,,
319,20180717,0.74215,0.74385,0.7376,0.73895,,,
320,20180718,0.7389,0.74075,0.73435,0.73975,,,
321,20180719,0.73975,0.7442,0.73225,0.7358,,,
322,20180720,0.73575,0.74315,0.7318,0.74145,,,
323,20180723,0.7421,0.7438,0.73715,0.7381,,,
324,20180724,0.73815,0.74345,0.73595,0.74195,,,
325,20180725,0.74195,0.74645,0.7392,0.7455,,,
326,20180726,0.74545,0.74635,0.7372,0.73765,,,
327,20180727,0.7381,0.74145,0.737,0.7402,,,
328,20180730,0.7404,0.74135,0.7386,0.7406,,,
329,20180731,0.7408,0.7441,0.7404,0.7427,,,
330,20180801,0.7426,0.7429,0.739,0.74045,,,
331,20180802,0.74035,0.74115,0.73555,0.7362,,,
332,20180803,0.73625,0.7412,0.73485,0.73975,,,
333,20180806,0.73975,0.74055,0.7374,0.73865,,,
334,20180807,0.7388,0.74395,0.7382,0.74215,,,
335,20180808,0.7419,0.74395,0.73835,0.7434,,,
336,20180809,0.74335,0.74535,0.73725,0.73725,,,
337,20180810,0.7375,0.738,0.72805,0.73015,,,
338,20180813,0.72745,0.73,0.72565,0.72695,,,
339,20180814,0.72735,0.72835,0.7224,0.72395,,,
340,20180815,0.7239,0.7248,0.72025,0.72395,,,
341,20180816,0.72405,0.72865,0.72155,0.72605,,,
342,20180817,0.72605,0.73195,0.7253,0.73135,,,
343,20180820,0.7316,0.7344,0.7296,0.73395,,,
344,20180821,0.73405,0.7382,0.7333,0.73655,,,
345,20180822,0.7364,0.7371,0.7334,0.7352,,,
346,20180823,0.73495,0.73525,0.72405,0.7247,,,
347,20180824,0.7248,0.73445,0.7238,0.7324,,,
348,20180827,0.73325,0.73565,0.73075,0.735,,,
349,20180828,0.73495,0.73625,0.73215,0.7337,,,
350,20180829,0.73355,0.7349,0.7275,0.73105,,,
351,20180830,0.73115,0.7315,0.72495,0.7265,,,
352,20180831,0.72665,0.7268,0.7176,0.7192,,,
353,20180903,0.7186,0.72235,0.7166,0.72135,,,
354,20180904,0.7213,0.72355,0.71575,0.7177,,,
355,20180905,0.71795,0.72185,0.71445,0.71925,,,
356,20180906,0.7193,0.7211,0.7166,0.71975,,,
357,20180907,0.72,0.7202,0.70985,0.7107,,,
358,20180910,0.7103,0.7132,0.7099,0.71145,,,
359,20180911,0.71135,0.7129,0.7085,0.7122,,,
360,20180912,0.7123,0.71825,0.70935,0.71705,,,
361,20180913,0.71695,0.72295,0.7168,0.7192,,,
362,20180914,0.71935,0.72165,0.71505,0.71545,,,
363,20180917,0.71545,0.71965,0.7142,0.71785,,,
364,20180918,0.7179,0.7224,0.7144,0.72195,,,
365,20180919,0.7219,0.7275,0.72135,0.7263,,,
366,20180920,0.7265,0.7293,0.7254,0.7292,,,
367,20180921,0.7292,0.7304,0.7263,0.72875,,,
368,20180924,0.72695,0.72815,0.7251,0.72525,,,
369,20180925,0.7252,0.7263,0.7236,0.725,,,
370,20180926,0.72515,0.73155,0.7241,0.72575,,,
371,20180927,0.7265,0.72685,0.72055,0.7207,,,
372,20180928,0.72075,0.72415,0.72025,0.72195,,,
373,20181001,0.7224,0.7232,0.7207,0.72235,,,
374,20181002,0.72215,0.7238,0.71625,0.7189,,,
375,20181003,0.71885,0.7197,0.71015,0.71025,,,
376,20181004,0.7105,0.71125,0.70655,0.70775,,,
377,20181005,0.70785,0.7087,0.70425,0.705,,,
378,20181008,0.70585,0.70815,0.70415,0.7078,,,
379,20181009,0.7078,0.7106,0.7054,0.71025,,,
380,20181010,0.7102,0.71305,0.70435,0.70555,,,
381,20181011,0.7052,0.71295,0.7052,0.71235,,,
382,20181012,0.7121,0.714,0.7102,0.7114,,,
383,20181015,0.71115,0.7149,0.7099,0.713,,,
384,20181016,0.7132,0.7152,0.7112,0.7141,,,
385,20181017,0.7143,0.716,0.71065,0.7109,,,
386,20181018,0.71105,0.7151,0.70975,0.7099,,,
387,20181019,0.7095,0.71505,0.7089,0.7118,,,
388,20181022,0.7122,0.71335,0.7076,0.7082,,,
389,20181023,0.70815,0.7091,0.70555,0.70855,,,
390,20181024,0.70855,0.71065,0.7059,0.706,,,
391,20181025,0.70585,0.70995,0.70565,0.70795,,,
392,20181026,0.70805,0.71045,0.7021,0.7089,,,
393,20181029,0.7093,0.7109,0.7051,0.7056,,,
394,20181030,0.70565,0.7122,0.70545,0.7105,,,
395,20181031,0.71035,0.7107,0.7068,0.7073,,,
396,20181101,0.70755,0.72125,0.7073,0.7206,,,
397,20181102,0.7207,0.72585,0.71825,0.71915,,,
398,20181105,0.7191,0.72185,0.71825,0.72105,,,
399,20181106,0.72115,0.72465,0.7205,0.72455,,,
400,20181107,0.724,0.73,0.7213,0.72765,,,
401,20181108,0.7276,0.73025,0.7247,0.7257,,,
402,20181109,0.7259,0.7271,0.72195,0.72265,,,
403,20181112,0.722,0.72375,0.7173,0.71735,,,
404,20181113,0.71755,0.7224,0.71645,0.7218,,,
405,20181114,0.7218,0.7254,0.7188,0.72315,,,
406,20181115,0.72335,0.72985,0.7229,0.7277,,,
407,20181116,0.72755,0.7338,0.72505,0.7333,,,
408,20181119,0.73125,0.7326,0.72775,0.72935,,,
409,20181120,0.72945,0.73005,0.72115,0.7214,,,
410,20181121,0.72135,0.72775,0.7203,0.7263,,,
411,20181122,0.7262,0.7268,0.72345,0.72545,,,
412,20181123,0.72535,0.7256,0.72185,0.72315,,,
413,20181126,0.7231,0.72765,0.7213,0.72205,,,
414,20181127,0.72165,0.72695,0.71995,0.72245,,,
415,20181128,0.72265,0.7328,0.72215,0.73055,,,
416,20181129,0.73075,0.73445,0.7295,0.73195,,,
417,20181130,0.73175,0.7326,0.72845,0.73075,,,
418,20181203,0.7371,0.73935,0.73465,0.7358,,,
419,20181204,0.73565,0.73935,0.7326,0.7338,,,
420,20181205,0.7341,0.7356,0.726,0.7269,,,
421,20181206,0.72735,0.7274,0.71915,0.72365,,,
422,20181207,0.72355,0.7242,0.71975,0.72065,,,
423,20181210,0.71955,0.7227,0.7178,0.71895,,,
424,20181211,0.7191,0.7225,0.7185,0.7205,,,
425,20181212,0.71995,0.7238,0.7199,0.7219,,,
426,20181213,0.7217,0.7247,0.72125,0.7227,,,
427,20181214,0.72265,0.72285,0.71515,0.7174,,,
428,20181217,0.71755,0.71875,0.7169,0.71805,,,
429,20181218,0.71805,0.72035,0.71655,0.71795,,,
430,20181219,0.7181,0.72005,0.70875,0.71085,,,
431,20181220,0.71105,0.7149,0.7086,0.7109,,,
432,20181221,0.7109,0.71235,0.7032,0.7036,,,
433,20181224,0.70385,0.7069,0.70345,0.70475,,,
434,20181226,0.70465,0.7072,0.70325,0.7067,,,
435,20181227,0.7068,0.7078,0.7017,0.703,,,
436,20181228,0.7031,0.70695,0.7028,0.7043,,,
437,20181231,0.7044,0.70715,0.7033,0.70445,,,
438,20190102,0.7048,0.70485,0.6982,0.6985,,,
439,20190103,0.6982,0.702,0.6614,0.70055,,,
440,20190104,0.7003,0.7125,0.69935,0.71185,,,
441,20190107,0.71135,0.715,0.71095,0.71475,,,
442,20190108,0.7148,0.71495,0.71165,0.71405,,,
443,20190109,0.71375,0.7194,0.71345,0.7171,,,
444,20190110,0.71735,0.71975,0.71465,0.71855,,,
445,20190111,0.71855,0.72355,0.71825,0.7215,,,
446,20190114,0.7211,0.7218,0.71755,0.7197,,,
447,20190115,0.7198,0.7226,0.718,0.7202,,,
448,20190116,0.7201,0.72125,0.7162,0.71685,,,
449,20190117,0.717,0.72215,0.7147,0.7193,,,
450,20190118,0.71945,0.7215,0.71625,0.7164,,,
451,20190121,0.71665,0.71825,0.714,0.7159,,,
452,20190122,0.71555,0.71605,0.7116,0.7123,,,
453,20190123,0.7127,0.7144,0.7118,0.7141,,,
454,20190124,0.71405,0.7167,0.7081,0.7095,,,
455,20190125,0.70925,0.71855,0.7076,0.7181,,,
456,20190128,0.71755,0.7204,0.7161,0.7166,,,
457,20190129,0.7167,0.71765,0.7138,0.71555,,,
458,20190130,0.71555,0.7273,0.715,0.72475,,,
459,20190131,0.72485,0.72955,0.72425,0.7275,,,
460,20190201,0.72715,0.72845,0.72365,0.7248,,,
461,20190204,0.7247,0.72545,0.72115,0.72265,,,
462,20190205,0.7225,0.72645,0.71935,0.7235,,,
463,20190206,0.72335,0.72455,0.71035,0.7105,,,
464,20190207,0.71025,0.71175,0.70895,0.71015,,,
465,20190208,0.7103,0.7104,0.70605,0.70885,,,
466,20190211,0.70905,0.71085,0.7057,0.70615,,,
467,20190212,0.70635,0.71025,0.7054,0.70955,,,
468,20190213,0.7096,0.71365,0.7086,0.70895,,,
469,20190214,0.70895,0.71315,0.70715,0.7105,,,
470,20190215,0.7106,0.71485,0.70795,0.714,,,
471,20190218,0.7138,0.7161,0.71245,0.71305,,,
472,20190219,0.71325,0.7174,0.71035,0.7165,,,
473,20190220,0.71635,0.7183,0.71415,0.7164,,,
474,20190221,0.7167,0.7207,0.707,0.70915,,,
475,20190222,0.70945,0.71505,0.70825,0.7127,,,
476,20190225,0.71375,0.71845,0.7131,0.7168,,,
477,20190226,0.717,0.71945,0.7142,0.7188,,,
478,20190227,0.71855,0.7199,0.71275,0.71405,,,
479,20190228,0.71375,0.7167,0.709,0.7095,,,
480,20190301,0.70975,0.7122,0.70695,0.7079,,,
481,20190304,0.7105,0.71075,0.70755,0.7092,,,
482,20190305,0.70915,0.7097,0.7059,0.7084,,,
483,20190306,0.7082,0.7092,0.70215,0.7032,,,
484,20190307,0.70295,0.70515,0.7005,0.70155,,,
485,20190308,0.70155,0.70525,0.7003,0.7047,,,
486,20190311,0.70385,0.7077,0.70265,0.707,,,
487,20190312,0.70675,0.7092,0.70575,0.70815,,,
488,20190313,0.70805,0.7098,0.7049,0.7094,,,
489,20190314,0.70925,0.7098,0.70415,0.7064,,,
490,20190315,0.7065,0.70975,0.7062,0.7088,,,
491,20190318,0.70855,0.712,0.70785,0.71035,,,
492,20190319,0.7103,0.7111,0.7085,0.7088,,,
493,20190320,0.70885,0.715,0.7057,0.71155,,,
494,20190321,0.7115,0.71685,0.709,0.7113,,,
495,20190322,0.71135,0.7119,0.70755,0.7082,,,
496,20190325,0.70785,0.7117,0.70655,0.71125,,,
497,20190326,0.71125,0.71475,0.7108,0.7135,,,
498,20190327,0.71325,0.7142,0.70685,0.70845,,,
499,20190328,0.7084,0.7106,0.70635,0.7076,,,
500,20190329,0.70785,0.7105,0.7073,0.7096,,,
501,20190401,0.7114,0.7132,0.7102,0.7112,,,
502,20190402,0.71085,0.713,0.70525,0.7071,,,
503,20190403,0.707,0.713,0.70545,0.71125,,,
504,20190404,0.7113,0.71275,0.7098,0.7112,,,
505,20190405,0.71125,0.7132,0.70925,0.71055,,,
506,20190408,0.7106,0.7131,0.70875,0.7127,,,
507,20190409,0.7126,0.71525,0.7119,0.71235,,,
508,20190410,0.71265,0.7175,0.71095,0.717,,,
509,20190411,0.71685,0.7172,0.71165,0.7123,,,
510,20190412,0.71255,0.71925,0.7116,0.71725,,,
511,20190415,0.71735,0.71825,0.7164,0.71735,,,
512,20190416,0.71725,0.7179,0.71395,0.7175,,,
513,20190417,0.71755,0.7206,0.7153,0.71795,,,
514,20190418,0.71775,0.71995,0.71365,0.71505,,,
515,20190419,0.71475,0.7159,0.71435,0.71505,,,
516,20190422,0.71495,0.71515,0.71285,0.7135,,,
517,20190423,0.71345,0.71395,0.7081,0.7102,,,
518,20190424,0.7101,0.71025,0.70045,0.70145,,,
519,20190425,0.70135,0.7023,0.69885,0.70155,,,
520,20190426,0.70155,0.70615,0.70075,0.7044,,,
521,20190429,0.70445,0.7061,0.7037,0.7056,,,
522,20190430,0.70565,0.70695,0.7031,0.70495,,,
523,20190501,0.705,0.70615,0.70075,0.70145,,,
524,20190502,0.70135,0.70295,0.6995,0.70005,,,
525,20190503,0.70005,0.7025,0.6985,0.7023,,,
526,20190506,0.6978,0.7003,0.6963,0.69905,,,
527,20190507,0.6988,0.70485,0.69815,0.70125,,,
528,20190508,0.70115,0.7027,0.6986,0.69885,,,
529,20190509,0.69905,0.6998,0.6965,0.69895,,,
530,20190510,0.69895,0.7019,0.69785,0.7,,,
531,20190513,0.70005,0.7003,0.6941,0.6944,,,
532,20190514,0.69425,0.69595,0.6935,0.6944,,,
533,20190515,0.6943,0.6948,0.69145,0.69285,,,
534,20190516,0.69295,0.6933,0.68865,0.6891,,,
535,20190517,0.6892,0.68975,0.68645,0.6868,,,
536,20190520,0.6901,0.69345,0.689,0.69075,,,
537,20190521,0.6908,0.6929,0.68665,0.68835,,,
538,20190522,0.6884,0.6897,0.68715,0.68815,,,
539,20190523,0.6881,0.69005,0.6865,0.6899,,,
540,20190524,0.6901,0.6935,0.68815,0.6926,,,
541,20190527,0.69325,0.69385,0.69125,0.6917,,,
542,20190528,0.6919,0.6936,0.69165,0.6924,,,
543,20190529,0.69265,0.69315,0.69045,0.6917,,,
544,20190530,0.69175,0.6937,0.6899,0.69115,,,
545,20190531,0.69105,0.6944,0.6901,0.6938,,,
546,20190603,0.6931,0.69825,0.69275,0.69765,,,
547,20190604,0.69765,0.7004,0.6956,0.6991,,,
548,20190605,0.6992,0.70075,0.69625,0.69695,,,
549,20190606,0.69705,0.69945,0.69635,0.6976,,,
550,20190607,0.69775,0.7022,0.6964,0.70015,,,
551,20190610,0.7003,0.70065,0.69575,0.6959,,,
552,20190611,0.69605,0.69665,0.6947,0.6962,,,
553,20190612,0.69615,0.69635,0.6925,0.69295,,,
554,20190613,0.693,0.6939,0.69015,0.69145,,,
555,20190614,0.69145,0.69185,0.68615,0.6873,,,
556,20190617,0.6872,0.68845,0.6849,0.6853,,,
557,20190618,0.68535,0.6882,0.68315,0.6877,,,
558,20190619,0.68765,0.69095,0.6855,0.6881,,,
559,20190620,0.6883,0.6936,0.688,0.6924,,,
560,20190621,0.6924,0.6938,0.69035,0.6928,,,
561,20190624,0.69315,0.69685,0.6929,0.6963,,,
562,20190625,0.6962,0.69785,0.69415,0.69605,,,
563,20190626,0.696,0.6995,0.6951,0.6985,,,
564,20190627,0.69855,0.7009,0.6984,0.70085,,,
565,20190628,0.70075,0.7024,0.69985,0.7023,,,
566,20190701,0.7025,0.7043,0.6956,0.6965,,,
567,20190702,0.69675,0.70005,0.69575,0.6994,,,
568,20190703,0.6991,0.70395,0.69855,0.70295,,,
569,20190704,0.70295,0.7048,0.70155,0.70235,,,
570,20190705,0.7022,0.7029,0.69575,0.6981,,,
571,20190708,0.69775,0.69945,0.6966,0.69725,,,
572,20190709,0.69735,0.69755,0.69205,0.69275,,,
573,20190710,0.69285,0.69695,0.69105,0.6959,,,
574,20190711,0.6959,0.6988,0.6954,0.6974,,,
575,20190712,0.69745,0.7025,0.69715,0.702,,,
576,20190715,0.70155,0.704,0.7012,0.704,,,
577,20190716,0.70385,0.70445,0.70105,0.7012,,,
578,20190717,0.70125,0.7025,0.69965,0.701,,,
579,20190718,0.70115,0.7077,0.70065,0.70755,,,
580,20190719,0.7075,0.7082,0.70375,0.7044,,,
581,20190722,0.7046,0.70575,0.7031,0.70355,,,
582,20190723,0.70355,0.7036,0.6996,0.7006,,,
583,20190724,0.70045,0.7009,0.69725,0.69765,,,
584,20190725,0.6977,0.6984,0.69425,0.69525,,,
585,20190726,0.69535,0.69555,0.6903,0.69135,,,
586,20190729,0.6908,0.69165,0.68945,0.69015,,,
587,20190730,0.69015,0.69085,0.68685,0.68725,,,
588,20190731,0.6875,0.68995,0.68315,0.6846,,,
589,20190801,0.68435,0.6868,0.67955,0.68015,,,
590,20190802,0.6804,0.6819,0.6763,0.68,,,
591,20190805,0.6796,0.6804,0.6748,0.67575,,,
592,20190806,0.6758,0.6801,0.675,0.67605,,,
593,20190807,0.6762,0.6783,0.6677,0.67565,,,
594,20190808,0.6761,0.6822,0.67465,0.68035,,,
595,20190809,0.67885,0.68185,0.67785,0.67885,,,
596,20190812,0.6786,0.6796,0.6745,0.67495,,,
597,20190813,0.67525,0.68185,0.6747,0.6798,,,
598,20190814,0.67985,0.6809,0.67355,0.67485,,,
599,20190815,0.67475,0.67905,0.67465,0.67785,,,
600,20190816,0.67765,0.67955,0.6771,0.6779,,,
601,20190819,0.6785,0.6789,0.6762,0.67655,,,
602,20190820,0.67645,0.6795,0.67545,0.67785,,,
603,20190821,0.6778,0.67995,0.6773,0.6781,,,
604,20190822,0.67825,0.67875,0.6751,0.6757,,,
605,20190823,0.6757,0.6778,0.67355,0.6754,,,
606,20190826,0.6742,0.6788,0.66895,0.6775,,,
607,20190827,0.67755,0.678,0.6747,0.6752,,,
608,20190828,0.67515,0.67625,0.67325,0.6734,,,
609,20190829,0.67355,0.67535,0.6717,0.67295,,,
610,20190830,0.67285,0.674,0.6706,0.67355,,,
611,20190902,0.67275,0.6735,0.671,0.6717,,,
612,20190903,0.67165,0.6764,0.66875,0.6761,,,
613,20190904,0.676,0.6801,0.67545,0.6797,,,
614,20190905,0.6794,0.683,0.6794,0.68145,,,
615,20190906,0.6815,0.68615,0.6807,0.68485,,,
616,20190909,0.6842,0.6876,0.68375,0.6862,,,
617,20190910,0.6862,0.687,0.6849,0.6861,,,
618,20190911,0.6862,0.6885,0.6849,0.6863,,,
619,20190912,0.6862,0.6895,0.68605,0.68675,,,
620,20190913,0.68685,0.68905,0.6859,0.688,,,
621,20190916,0.68705,0.6884,0.6854,0.68645,,,
622,20190917,0.6866,0.687,0.68305,0.68655,,,
623,20190918,0.6866,0.6872,0.68125,0.6828,,,
624,20190919,0.6829,0.68315,0.67805,0.67925,,,
625,20190920,0.67935,0.6809,0.676,0.6765,,,
626,20190923,0.6772,0.67815,0.6759,0.6774,,,
627,20190924,0.6777,0.68065,0.67655,0.6802,,,
628,20190925,0.68005,0.6804,0.6739,0.6751,,,
629,20190926,0.6751,0.6781,0.6746,0.67495,,,
630,20190927,0.67475,0.67795,0.67435,0.67635,,,
631,20190930,0.67615,0.67705,0.67415,0.675,,,
632,20191001,0.675,0.6776,0.6672,0.67045,,,
633,20191002,0.6704,0.6719,0.6671,0.67065,,,
634,20191003,0.67075,0.67535,0.67025,0.67425,,,
635,20191004,0.67425,0.6774,0.67385,0.67705,,,
636,20191007,0.6763,0.67735,0.673,0.6732,,,
637,20191008,0.6732,0.67575,0.6723,0.6728,,,
638,20191009,0.67295,0.67505,0.67225,0.67245,,,
639,20191010,0.6727,0.67745,0.67105,0.6761,,,
640,20191011,0.6761,0.68105,0.67535,0.67905,,,
641,20191014,0.67915,0.68015,0.6751,0.67765,,,
642,20191015,0.6775,0.6789,0.67425,0.6753,,,
643,20191016,0.67505,0.67655,0.67235,0.67605,,,
644,20191017,0.67595,0.6833,0.67515,0.6825,,,
645,20191018,0.6822,0.68575,0.68215,0.68565,,,
646,20191021,0.6851,0.68805,0.684,0.6868,,,
647,20191022,0.68685,0.6883,0.68505,0.6856,,,
648,20191023,0.68535,0.68625,0.6834,0.6854,,,
649,20191024,0.6852,0.6858,0.6811,0.68195,,,
650,20191025,0.68175,0.68365,0.68095,0.68215,,,
651,20191028,0.68185,0.68455,0.68105,0.68385,,,
652,20191029,0.6838,0.6872,0.68355,0.68645,,,
653,20191030,0.6865,0.6905,0.68485,0.69035,,,
654,20191031,0.6901,0.693,0.68835,0.6894,,,
655,20191101,0.68925,0.69215,0.6884,0.6913,,,
656,20191104,0.69115,0.6925,0.6877,0.6884,,,
657,20191105,0.6881,0.6928,0.6877,0.68935,,,
658,20191106,0.68975,0.69075,0.6869,0.6884,,,
659,20191107,0.6883,0.69135,0.6862,0.6898,,,
660,20191108,0.68975,0.69065,0.68475,0.68615,,,
661,20191111,0.6858,0.68655,0.6847,0.6851,,,
662,20191112,0.68505,0.68575,0.68315,0.6841,,,
663,20191113,0.6841,0.68575,0.6821,0.6838,,,
664,20191114,0.6839,0.68415,0.67695,0.67865,,,
665,20191115,0.6786,0.6822,0.67805,0.6817,,,
666,20191118,0.68155,0.68225,0.6799,0.6809,,,
667,20191119,0.6809,0.6835,0.6785,0.68275,,,
668,20191120,0.6827,0.6831,0.679,0.68035,,,
669,20191121,0.6797,0.6814,0.67835,0.67865,,,
670,20191122,0.67875,0.68035,0.67805,0.6786,,,
671,20191125,0.67905,0.67995,0.6768,0.6779,,,
672,20191126,0.678,0.67955,0.6768,0.6788,,,
673,20191127,0.67865,0.67915,0.6772,0.6776,,,
674,20191128,0.6775,0.67785,0.6759,0.67705,,,
675,20191129,0.67705,0.67795,0.67545,0.67625,,,
676,20191202,0.6765,0.68265,0.67615,0.68185,,,
677,20191203,0.68185,0.6862,0.6815,0.6847,,,
678,20191204,0.68495,0.68555,0.6813,0.685,,,
679,20191205,0.6849,0.6855,0.6821,0.68325,,,
680,20191206,0.68325,0.68575,0.68235,0.6841,,,
681,20191209,0.68345,0.68385,0.68205,0.6823,,,
682,20191210,0.68255,0.68375,0.68,0.68095,,,
683,20191211,0.68105,0.68895,0.68045,0.6876,,,
684,20191212,0.6876,0.69135,0.68675,0.69095,,,
685,20191213,0.69365,0.6939,0.6864,0.68725,,,
686,20191216,0.68835,0.6898,0.68685,0.68855,,,
687,20191217,0.6884,0.6884,0.68385,0.68515,,,
688,20191218,0.68505,0.68645,0.68385,0.68535,,,
689,20191219,0.68525,0.68885,0.68485,0.6886,,,
690,20191220,0.68855,0.6907,0.6883,0.6901,,,
691,20191223,0.68955,0.6929,0.68915,0.69225,,,
692,20191224,0.69235,0.69305,0.69125,0.69275,,,
693,20191226,0.6925,0.695,0.6922,0.69455,,,
694,20191227,0.6943,0.6987,0.69415,0.6984,,,
695,20191230,0.6986,0.70045,0.6978,0.6994,,,
696,20191231,0.69945,0.7032,0.69945,0.70165,,,
697,20200102,0.7019,0.702,0.69785,0.6993,,,
698,20200103,0.69915,0.69925,0.69305,0.69495,,,
699,20200106,0.6941,0.6958,0.69255,0.69395,,,
700,20200107,0.69405,0.6943,0.6859,0.6869,,,
701,20200108,0.687,0.68855,0.6849,0.6865,,,
702,20200109,0.6867,0.68805,0.68505,0.68585,,,
703,20200110,0.6856,0.6911,0.6851,0.6902,,,
704,20200113,0.6899,0.692,0.6893,0.69035,,,
705,20200114,0.6903,0.691,0.6885,0.6902,,,
706,20200115,0.69025,0.6917,0.68775,0.6904,,,
707,20200116,0.6904,0.6934,0.6888,0.68985,,,
708,20200117,0.68975,0.69115,0.6871,0.6876,,,
709,20200120,0.6874,0.68885,0.68555,0.68735,,,
710,20200121,0.68735,0.68805,0.68425,0.6845,,,
711,20200122,0.6846,0.68565,0.6827,0.68445,,,
712,20200123,0.68465,0.6879,0.68295,0.6847,,,
713,20200124,0.6848,0.68575,0.68175,0.68255,,,
714,20200127,0.6817,0.6819,0.6752,0.6761,,,
715,20200128,0.67605,0.67655,0.6737,0.6762,,,
716,20200129,0.67615,0.67775,0.67355,0.6754,,,
717,20200130,0.6755,0.6755,0.67,0.67215,,,
718,20200131,0.6719,0.673,0.6683,0.6689,,,
719,20200203,0.6687,0.6707,0.6684,0.66915,,,
720,20200204,0.66925,0.6742,0.6679,0.6739,,,
721,20200205,0.6739,0.67745,0.67235,0.67465,,,
722,20200206,0.67475,0.6765,0.6727,0.67305,,,
723,20200207,0.67315,0.6737,0.66625,0.66735,,,
724,20200210,0.6671,0.67075,0.66665,0.66865,,,
725,20200211,0.6685,0.6737,0.6681,0.67145,,,
726,20200212,0.6714,0.675,0.6712,0.6737,,,
727,20200213,0.67385,0.6745,0.6707,0.6719,,,
728,20200214,0.6717,0.67315,0.67095,0.67145,,,
729,20200217,0.6717,0.67335,0.6712,0.6714,,,
730,20200218,0.67145,0.6717,0.66735,0.66865,,,
731,20200219,0.6687,0.6708,0.66655,0.6678,,,
732,20200220,0.6676,0.6695,0.66105,0.6615,,,
733,20200221,0.6616,0.6639,0.6586,0.66275,,,
734,20200224,0.65975,0.662,0.65865,0.6604,,,
735,20200225,0.6604,0.66225,0.65865,0.6603,,,
736,20200226,0.6602,0.6607,0.65425,0.65455,,,
737,20200227,0.65435,0.6592,0.6543,0.6569,,,
738,20200228,0.65645,0.65855,0.6434,0.65115,,,
739,20200302,0.64865,0.6568,0.64725,0.6538,,,
740,20200303,0.65315,0.6646,0.65095,0.6584,,,
741,20200304,0.658,0.6628,0.65775,0.66265,,,
742,20200305,0.66245,0.6637,0.6584,0.66135,,,
743,20200306,0.66125,0.66575,0.6585,0.6642,,,
744,20200309,0.66065,0.66855,0.63115,0.65875,,,
745,20200310,0.65875,0.6613,0.64625,0.65045,,,
746,20200311,0.65065,0.65395,0.6478,0.64835,,,
747,20200312,0.64865,0.64925,0.62125,0.6235,,,
748,20200313,0.6253,0.6327,0.6123,0.61825,,,
749,20200316,0.6247,0.6306,0.6079,0.61185,,,
750,20200317,0.61125,0.6149,0.5959,0.59995,,,
751,20200318,0.60205,0.60285,0.5702,0.5772,,,
752,20200319,0.57655,0.5965,0.55075,0.5743,,,
753,20200320,0.57425,0.5986,0.5665,0.5795,,,
754,20200323,0.5826,0.5846,0.56995,0.584,,,
755,20200324,0.5834,0.5976,0.5813,0.59585,,,
756,20200325,0.59595,0.6074,0.59305,0.596,,,
757,20200326,0.5957,0.60875,0.58705,0.6064,,,
758,20200327,0.60545,0.62005,0.6023,0.6168,,,
759,20200330,0.61495,0.61845,0.6112,0.61715,,,
760,20200331,0.61685,0.6214,0.60715,0.61335,,,
761,20200401,0.61465,0.61865,0.6039,0.6073,,,
762,20200402,0.60675,0.61195,0.60065,0.6059,,,
763,20200403,0.60615,0.60755,0.598,0.5991,,,
764,20200406,0.60155,0.61065,0.59915,0.6088,,,
765,20200407,0.60865,0.62085,0.6076,0.6169,,,
766,20200408,0.61725,0.62455,0.6116,0.62295,,,
767,20200409,0.6232,0.6364,0.61955,0.63395,,,
768,20200410,0.6339,0.6368,0.6313,0.63535,,,
769,20200413,0.6331,0.64095,0.63295,0.6382,,,
770,20200414,0.63865,0.6445,0.63745,0.6442,,,
771,20200415,0.6441,0.6444,0.62845,0.63185,,,
772,20200416,0.6317,0.6334,0.6264,0.6328,,,
773,20200417,0.6323,0.63855,0.63145,0.6366,,,
774,20200420,0.6364,0.63975,0.6333,0.6336,,,
775,20200421,0.6336,0.6347,0.62535,0.62815,,,
776,20200422,0.62805,0.63535,0.62765,0.63225,,,
777,20200423,0.6319,0.64065,0.6283,0.63705,,,
778,20200424,0.6371,0.6398,0.6337,0.6392,,,
779,20200427,0.63875,0.6472,0.63815,0.6465,,,
780,20200428,0.64655,0.6514,0.64345,0.64905,,,
781,20200429,0.64915,0.6558,0.6486,0.6556,,,
782,20200430,0.65575,0.657,0.64905,0.65115,,,
783,20200501,0.6513,0.6513,0.641,0.64195,,,
784,20200504,0.64075,0.6435,0.6373,0.64285,,,
785,20200505,0.6428,0.6476,0.6417,0.6432,,,
786,20200506,0.6437,0.6453,0.63935,0.64015,,,
787,20200507,0.64065,0.65065,0.63785,0.6496,,,
788,20200508,0.64985,0.65485,0.64935,0.65315,,,
789,20200511,0.6526,0.65615,0.64565,0.649,,,
790,20200512,0.6487,0.65365,0.6432,0.6471,,,
791,20200513,0.64705,0.65245,0.64385,0.64545,,,
792,20200514,0.64565,0.64695,0.64035,0.6463,,,
793,20200515,0.646,0.6474,0.6402,0.6415,,,
794,20200518,0.64155,0.65275,0.6411,0.65245,,,
795,20200519,0.6523,0.65855,0.651,0.65375,,,
796,20200520,0.65295,0.66165,0.65255,0.65975,,,
797,20200521,0.65995,0.65995,0.6549,0.65655,,,
798,20200522,0.6565,0.65725,0.6506,0.6537,,,
799,20200525,0.65325,0.65505,0.652,0.6545,,,
800,20200526,0.65465,0.66755,0.6538,0.66525,,,
801,20200527,0.665,0.668,0.6567,0.6622,,,
802,20200528,0.66225,0.66675,0.6588,0.66365,,,
803,20200529,0.66355,0.66835,0.66105,0.6669,,,
804,20200601,0.6664,0.68035,0.66485,0.67975,,,
805,20200602,0.6806,0.6899,0.6775,0.6897,,,
806,20200603,0.6897,0.6984,0.68565,0.692,,,
807,20200604,0.6921,0.69875,0.6882,0.69425,,,
808,20200605,0.69455,0.7013,0.69305,0.6969,,,
809,20200608,0.69685,0.70295,0.6962,0.7021,,,
810,20200609,0.70185,0.7043,0.68985,0.6961,,,
811,20200610,0.69565,0.70645,0.69325,0.69985,,,
812,20200611,0.69965,0.70045,0.68395,0.6855,,,
813,20200612,0.685,0.6912,0.67995,0.68655,,,
814,20200615,0.6849,0.6925,0.67765,0.69195,,,
815,20200616,0.6917,0.6977,0.68335,0.68885,,,
816,20200617,0.68845,0.69225,0.68525,0.68845,,,
817,20200618,0.6881,0.6903,0.6836,0.68525,,,
818,20200619,0.685,0.69115,0.6829,0.6835,,,
819,20200622,0.682,0.69225,0.68105,0.69085,,,
820,20200623,0.6908,0.6975,0.6858,0.693,,,
821,20200624,0.69235,0.6962,0.6863,0.6869,,,
822,20200625,0.6872,0.6893,0.68475,0.6887,,,
823,20200626,0.689,0.68955,0.68405,0.68655,,,
824,20200629,0.6861,0.6891,0.6842,0.68665,,,
825,20200630,0.68665,0.6912,0.6833,0.6903,,,
826,20200701,0.69055,0.69435,0.6877,0.69155,,,
827,20200702,0.6917,0.69525,0.69015,0.69245,,,
828,20200703,0.69195,0.6948,0.6914,0.6941,,,
829,20200706,0.69305,0.69875,0.6929,0.69735,,,
830,20200707,0.69765,0.6998,0.6922,0.6947,,,
831,20200708,0.69485,0.69865,0.69275,0.6981,,,
832,20200709,0.69815,0.70015,0.695,0.69635,,,
833,20200710,0.6965,0.69695,0.6924,0.6949,,,
834,20200713,0.69545,0.6993,0.6939,0.69405,,,
835,20200714,0.69395,0.69775,0.69215,0.69755,,,
836,20200715,0.6976,0.7038,0.69725,0.7008,,,
837,20200716,0.70075,0.7014,0.6963,0.6971,,,
838,20200717,0.69705,0.7005,0.6969,0.6995,,,
839,20200720,0.69925,0.70175,0.6973,0.70165,,,
840,20200721,0.70145,0.7147,0.70145,0.7128,,,
841,20200722,0.71355,0.7183,0.7112,0.714,,,
842,20200723,0.71395,0.7162,0.70905,0.7098,,,
843,20200724,0.7095,0.71255,0.7064,0.71055,,,
844,20200727,0.70965,0.715,0.7087,0.71495,,,
845,20200728,0.71485,0.7177,0.7113,0.71575,,,
846,20200729,0.7156,0.7197,0.7149,0.7188,,,
847,20200730,0.719,0.7198,0.7121,0.7195,,,
848,20200731,0.71915,0.72275,0.71335,0.71435,,,
849,20200803,0.7132,0.715,0.70765,0.7124,,,
850,20200804,0.71265,0.7167,0.7106,0.71605,,,
851,20200805,0.71605,0.72415,0.7154,0.71915,,,
852,20200806,0.7192,0.72395,0.71745,0.72355,,,
853,20200807,0.72355,0.72435,0.71445,0.7158,,,
854,20200810,0.71565,0.71845,0.71405,0.71495,,,
855,20200811,0.71505,0.719,0.7135,0.71435,,,
856,20200812,0.7144,0.7176,0.7109,0.71625,,,
857,20200813,0.7161,0.7188,0.7136,0.7149,,,
858,20200814,0.71515,0.71755,0.7132,0.71715,,,
859,20200817,0.7168,0.7228,0.7168,0.72145,,,
860,20200818,0.72175,0.7265,0.7209,0.72435,,,
861,20200819,0.72455,0.72755,0.71795,0.71825,,,
862,20200820,0.71835,0.72025,0.7136,0.71925,,,
863,20200821,0.7191,0.7216,0.71395,0.71615,,,
864,20200824,0.71525,0.7204,0.71525,0.71625,,,
865,20200825,0.71645,0.7198,0.71505,0.71945,,,
866,20200826,0.71945,0.72395,0.71875,0.7233,,,
867,20200827,0.723,0.72905,0.7217,0.72595,,,
868,20200828,0.72605,0.7367,0.7255,0.73655,,,
869,20200831,0.7361,0.74035,0.734,0.7376,,,
870,20200901,0.7378,0.74135,0.73595,0.73725,,,
871,20200902,0.73755,0.7382,0.73015,0.73385,,,
872,20200903,0.73365,0.73375,0.7265,0.72735,,,
873,20200904,0.7273,0.7299,0.7222,0.72825,,,
874,20200907,0.7287,0.72985,0.727,0.7277,,,
875,20200908,0.72765,0.7309,0.72105,0.72145,,,
876,20200909,0.7217,0.7288,0.71925,0.7283,,,
877,20200910,0.72795,0.7325,0.7248,0.7258,,,
878,20200911,0.7257,0.7306,0.7253,0.72835,,,
879,20200914,0.72785,0.7304,0.72645,0.72885,,,
880,20200915,0.72855,0.73425,0.7267,0.73015,,,
881,20200916,0.73045,0.73455,0.72785,0.73055,,,
882,20200917,0.7308,0.73155,0.7254,0.73125,,,
883,20200918,0.73145,0.7334,0.72825,0.729,,,
884,20200921,0.72975,0.7324,0.7199,0.72235,,,
885,20200922,0.72255,0.72355,0.71545,0.71695,,,
886,20200923,0.71695,0.71775,0.70685,0.70725,,,
887,20200924,0.70735,0.7081,0.7016,0.7046,,,
888,20200925,0.7051,0.7087,0.7006,0.70315,,,
889,20200928,0.7033,0.70745,0.70315,0.7071,,,
890,20200929,0.70725,0.71385,0.70695,0.71315,,,
891,20200930,0.7132,0.71755,0.71005,0.7162,,,
892,20201001,0.7158,0.72095,0.7155,0.71825,,,
893,20201002,0.7185,0.71885,0.7131,0.71625,,,
894,20201005,0.7165,0.71935,0.71575,0.7182,,,
895,20201006,0.7177,0.7209,0.71005,0.7102,,,
896,20201007,0.7105,0.71515,0.70965,0.71385,,,
897,20201008,0.71395,0.717,0.7123,0.71675,,,
898,20201009,0.71605,0.72435,0.71595,0.72415,,,
899,20201012,0.72295,0.72395,0.72035,0.7209,,,
900,20201013,0.72115,0.7212,0.71505,0.7162,,,
901,20201014,0.716,0.7191,0.71525,0.71615,,,
902,20201015,0.71615,0.717,0.7056,0.7094,,,
903,20201016,0.7095,0.70985,0.70705,0.7078,,,
904,20201019,0.70805,0.7115,0.70585,0.7065,,,
905,20201020,0.7068,0.70725,0.7021,0.7048,,,
906,20201021,0.70495,0.7137,0.7047,0.7117,,,
907,20201022,0.71135,0.7125,0.7085,0.7118,,,
908,20201023,0.7116,0.71585,0.7101,0.71365,,,
909,20201026,0.7134,0.71465,0.7103,0.7123,,,
910,20201027,0.71205,0.71475,0.71155,0.71285,,,
911,20201028,0.71225,0.71575,0.70385,0.7046,,,
912,20201029,0.70515,0.7076,0.70025,0.70285,,,
913,20201030,0.7029,0.70725,0.70115,0.7028,,,
914,20201102,0.70225,0.7058,0.6991,0.70565,,,
915,20201103,0.70525,0.7175,0.7028,0.7164,,,
916,20201104,0.7158,0.72225,0.70485,0.7179,,,
917,20201105,0.71785,0.72895,0.7145,0.72835,,,
918,20201106,0.72835,0.72875,0.7239,0.72575,,,
919,20201109,0.7275,0.734,0.72665,0.72835,,,
920,20201110,0.72805,0.72945,0.72525,0.7284,,,
921,20201111,0.7284,0.73185,0.726,0.7281,,,
922,20201112,0.72795,0.7294,0.72235,0.72315,,,
923,20201113,0.7233,0.72735,0.72215,0.7269,,,
924,20201116,0.727,0.73265,0.72645,0.73205,,,
925,20201117,0.7317,0.734,0.7289,0.72995,,,
926,20201118,0.72995,0.7331,0.7272,0.7306,,,
927,20201119,0.7307,0.7307,0.72545,0.7284,,,
928,20201120,0.7275,0.7324,0.72665,0.7303,,,
929,20201123,0.73015,0.73375,0.72655,0.7287,,,
930,20201124,0.7287,0.73675,0.7284,0.73605,,,
931,20201125,0.736,0.73735,0.7325,0.7366,,,
932,20201126,0.736,0.73745,0.73535,0.7363,,,
933,20201127,0.73585,0.7399,0.7353,0.73845,,,
934,20201130,0.7389,0.74075,0.73395,0.7344,,,
935,20201201,0.7346,0.73735,0.7342,0.7372,,,
936,20201202,0.7369,0.742,0.73515,0.74165,,,
937,20201203,0.7417,0.74495,0.7398,0.744,,,
938,20201204,0.7438,0.74495,0.741,0.74255,,,
939,20201207,0.7434,0.7454,0.73725,0.7421,,,
940,20201208,0.74225,0.74355,0.73995,0.74105,,,
941,20201209,0.74105,0.74855,0.74045,0.7446,,,
942,20201210,0.74345,0.754,0.7428,0.7535,,,
943,20201211,0.7533,0.7572,0.752,0.75335,,,
944,20201214,0.75555,0.7578,0.75245,0.7533,,,
945,20201215,0.75335,0.7572,0.75075,0.7559,,,
946,20201216,0.75575,0.75785,0.75385,0.75765,,,
947,20201217,0.75765,0.76395,0.7567,0.76265,,,
948,20201218,0.76265,0.7629,0.75825,0.7624,,,
949,20201221,0.75975,0.7607,0.7462,0.75865,,,
950,20201222,0.7583,0.75915,0.7517,0.75245,,,
951,20201223,0.7521,0.7592,0.75175,0.75755,,,
952,20201224,0.7574,0.7607,0.75705,0.75935,,,
953,20201228,0.76025,0.76225,0.75575,0.75805,,,
954,20201229,0.75795,0.7625,0.75775,0.76075,,,
955,20201230,0.761,0.76865,0.7603,0.76855,,,
956,20201231,0.7681,0.77425,0.768,0.77095,,,
957,20210104,0.77025,0.7741,0.76425,0.76655,,,
958,20210105,0.7664,0.77775,0.7661,0.776,,,
959,20210106,0.7756,0.78205,0.77335,0.7802,,,
960,20210107,0.77995,0.78175,0.77255,0.77685,,,
961,20210108,0.7766,0.7799,0.77285,0.77585,,,
962,20210111,0.7747,0.7762,0.7666,0.76965,,,
963,20210112,0.7698,0.77775,0.7687,0.77725,,,
964,20210113,0.7775,0.77815,0.77215,0.77325,,,
965,20210114,0.7726,0.78055,0.7726,0.7778,,,
966,20210115,0.77785,0.7797,0.76815,0.7702,,,
967,20210118,0.7707,0.77175,0.7659,0.76825,,,
968,20210119,0.76805,0.77255,0.76755,0.76965,,,
969,20210120,0.7694,0.7761,0.76915,0.77465,,,
970,20210121,0.7751,0.77825,0.77415,0.7764,,,
971,20210122,0.7763,0.777,0.7702,0.77155,,,
972,20210125,0.7708,0.77475,0.7683,0.7713,,,
973,20210126,0.7713,0.77545,0.7669,0.77445,,,
974,20210127,0.7747,0.7764,0.76435,0.7663,,,
975,20210128,0.76625,0.7698,0.7592,0.7679,,,
976,20210129,0.7682,0.7704,0.76315,0.7644,,,
977,20210201,0.7627,0.76625,0.7606,0.76205,,,
978,20210202,0.76255,0.7662,0.7564,0.76075,,,
979,20210203,0.7608,0.76265,0.76015,0.76185,,,
980,20210204,0.76215,0.7648,0.7588,0.76,,,
981,20210205,0.76005,0.7679,0.7583,0.7678,,,
982,20210208,0.7671,0.7715,0.76515,0.7702,,,
983,20210209,0.77015,0.77405,0.7701,0.77385,,,
984,20210210,0.77375,0.7756,0.77175,0.77215,,,
985,20210211,0.77215,0.77715,0.7713,0.77525,,,
986,20210212,0.7752,0.77645,0.77185,0.7761,,,
987,20210215,0.7765,0.7789,0.77585,0.77815,,,
988,20210216,0.7785,0.78055,0.7745,0.7758,,,
989,20210217,0.7752,0.7772,0.77245,0.7751,,,
990,20210218,0.7748,0.77895,0.7731,0.7768,,,
991,20210219,0.77645,0.78775,0.77575,0.787,,,
992,20210222,0.78725,0.79295,0.78555,0.79155,,,
993,20210223,0.79145,0.7935,0.78805,0.79115,,,
994,20210224,0.79115,0.7973,0.78955,0.7968,,,
995,20210225,0.7967,0.80075,0.78585,0.78725,,,
996,20210226,0.78795,0.78835,0.76925,0.7706,,,
997,20210301,0.771,0.7787,0.7708,0.77735,,,
998,20210302,0.7776,0.78375,0.7736,0.78195,,,
999,20210303,0.7823,0.78385,0.77705,0.7775,,,
1000,20210304,0.7777,0.78155,0.7709,0.7723,,,
1001,20210305,0.77245,0.7727,0.7622,0.7681,,,
1002,20210308,0.7697,0.7723,0.76365,0.76485,,,
1003,20210309,0.7646,0.7726,0.76215,0.7716,,,
1004,20210310,0.77085,0.7746,0.76685,0.77355,,,
1005,20210311,0.77325,0.7794,0.77235,0.77895,,,
1006,20210312,0.7788,0.7801,0.77245,0.776,,,
1007,20210315,0.77505,0.77755,0.7706,0.77555,,,
1008,20210316,0.77565,0.77585,0.7711,0.7746,,,
1009,20210317,0.77435,0.78105,0.76995,0.77965,,,
1010,20210318,0.7798,0.7849,0.7749,0.77595,,,
1011,20210319,0.77615,0.77725,0.77175,0.77425,,,
1012,20210322,0.77135,0.77565,0.7705,0.7746,,,
1013,20210323,0.7745,0.77475,0.76175,0.76235,,,
1014,20210324,0.7624,0.76365,0.75795,0.75815,,,
1015,20210325,0.7585,0.76145,0.75635,0.758,,,
1016,20210326,0.7584,0.7645,0.75795,0.7637,,,
1017,20210329,0.7644,0.7656,0.7615,0.76325,,,
1018,20210330,0.7634,0.76645,0.7585,0.7597,,,
1019,20210331,0.75965,0.76365,0.7588,0.7597,,,
1020,20210401,0.75965,0.762,0.7532,0.76175,,,
1021,20210402,0.76165,0.76375,0.7596,0.76115,,,
1022,20210405,0.76115,0.76605,0.7598,0.76505,,,
1023,20210406,0.76475,0.76685,0.7606,0.7663,,,
1024,20210407,0.76625,0.7677,0.76005,0.7613,,,
1025,20210408,0.76095,0.76605,0.7603,0.7652,,,
1026,20210409,0.7653,0.76615,0.7588,0.76195,,,
1027,20210412,0.7622,0.7636,0.7595,0.7623,,,
1028,20210413,0.7625,0.76485,0.75855,0.7642,,,
1029,20210414,0.76395,0.7738,0.76345,0.77265,,,
1030,20210415,0.7724,0.7761,0.7706,0.7751,,,
1031,20210416,0.7756,0.77595,0.7724,0.77305,,,
1032,20210419,0.7728,0.77845,0.7706,0.7757,,,
1033,20210420,0.77565,0.7816,0.7709,0.77255,,,
1034,20210421,0.7726,0.77625,0.76995,0.77505,,,
1035,20210422,0.77515,0.7765,0.76905,0.77045,,,
1036,20210423,0.7705,0.77605,0.76985,0.77465,,,
1037,20210426,0.77405,0.7815,0.7739,0.78,,,
1038,20210427,0.77985,0.7804,0.77615,0.7767,,,
1039,20210428,0.77645,0.78015,0.77255,0.77905,,,
1040,20210429,0.7792,0.7818,0.77505,0.77665,,,
1041,20210430,0.7769,0.77845,0.7696,0.7714,,,
1042,20210503,0.7723,0.7767,0.7706,0.77625,,,
1043,20210504,0.77605,0.7765,0.7675,0.77085,,,
1044,20210505,0.77115,0.7755,0.7704,0.7747,,,
1045,20210506,0.77455,0.7788,0.7701,0.7784,,,
1046,20210507,0.77815,0.78625,0.7761,0.7844,,,
1047,20210510,0.7849,0.7891,0.7827,0.78305,,,
1048,20210511,0.7834,0.78565,0.782,0.78415,,,
1049,20210512,0.7842,0.7846,0.77195,0.77255,,,
1050,20210513,0.77295,0.77465,0.76885,0.7728,,,
1051,20210514,0.77265,0.77875,0.7714,0.7783,,,
1052,20210517,0.77755,0.7784,0.77305,0.7766,,,
1053,20210518,0.77635,0.78135,0.7763,0.77895,,,
1054,20210519,0.78005,0.78005,0.7711,0.7727,,,
1055,20210520,0.7729,0.77815,0.7716,0.7774,,,
1056,20210521,0.7774,0.7783,0.77185,0.77325,,,
1057,20210524,0.773,0.7758,0.7706,0.7753,,,
1058,20210525,0.77575,0.77765,0.7733,0.77515,,,
1059,20210526,0.7743,0.7796,0.7731,0.77415,,,
1060,20210527,0.7748,0.77575,0.7723,0.77455,,,
1061,20210528,0.77395,0.77475,0.7677,0.77095,,,
1062,20210531,0.77115,0.77415,0.77005,0.7734,,,
1063,20210601,0.7732,0.77695,0.7731,0.7751,,,
1064,20210602,0.7748,0.77735,0.77155,0.7754,,,
1065,20210603,0.77535,0.7754,0.76455,0.76575,,,
1066,20210604,0.76585,0.7745,0.7651,0.7739,,,
1067,20210607,0.7743,0.7766,0.7727,0.77555,,,
1068,20210608,0.77585,0.77635,0.77315,0.7743,,,
1069,20210609,0.7738,0.77625,0.77245,0.7731,,,
1070,20210610,0.7729,0.77635,0.77165,0.775,,,
1071,20210611,0.77545,0.77755,0.76885,0.7704,,,
1072,20210614,0.7706,0.7726,0.7694,0.77115,,,
1073,20210615,0.77125,0.77165,0.76745,0.76875,,,
1074,20210616,0.7685,0.77155,0.7607,0.7609,,,
1075,20210617,0.7611,0.76465,0.75395,0.7549,,,
1076,20210618,0.7552,0.75615,0.7478,0.7478,,,
1077,20210621,0.74855,0.7546,0.74775,0.754,,,
1078,20210622,0.75375,0.75645,0.7494,0.7554,,,
1079,20210623,0.75515,0.7599,0.7538,0.7577,,,
1080,20210624,0.75745,0.7592,0.75655,0.75835,,,
1081,20210625,0.75835,0.76165,0.758,0.7597,,,
1082,20210628,0.75795,0.76015,0.75545,0.7567,,,
1083,20210629,0.7567,0.75705,0.75075,0.75115,,,
1084,20210630,0.75155,0.7527,0.7492,0.74985,,,
1085,20210701,0.74985,0.7508,0.74605,0.747,,,
1086,20210702,0.7469,0.7533,0.74445,0.75265,,,
1087,20210705,0.75235,0.75375,0.7509,0.75305,,,
1088,20210706,0.7531,0.7599,0.74805,0.7493,,,
1089,20210707,0.7495,0.7534,0.7463,0.7482,,,
1090,20210708,0.74895,0.74895,0.74165,0.74305,,,
1091,20210709,0.7427,0.7494,0.741,0.7486,,,
1092,20210712,0.74855,0.7496,0.74485,0.7478,,,
1093,20210713,0.74815,0.7503,0.74265,0.7447,,,
1094,20210714,0.7445,0.7486,0.7431,0.74805,,,
1095,20210715,0.7481,0.74875,0.74105,0.7423,,,
1096,20210716,0.7429,0.7443,0.73925,0.73955,,,
1097,20210719,0.74035,0.7406,0.7322,0.7345,,,
1098,20210720,0.7338,0.73575,0.73,0.7329,,,
1099,20210721,0.73305,0.73625,0.72895,0.73565,,,
1100,20210722,0.73585,0.73975,0.73425,0.738,,,
1101,20210723,0.73845,0.74005,0.7357,0.73665,,,
1102,20210726,0.73685,0.73905,0.73305,0.738,,,
1103,20210727,0.73825,0.73885,0.7337,0.7358,,,
1104,20210728,0.73645,0.73815,0.7317,0.73765,,,
1105,20210729,0.7371,0.74135,0.73595,0.73925,,,
1106,20210730,0.73945,0.74045,0.7331,0.7345,,,
1107,20210802,0.73355,0.7382,0.7329,0.7362,,,
1108,20210803,0.7368,0.74085,0.73575,0.73955,,,
1109,20210804,0.73905,0.74265,0.737,0.738,,,
1110,20210805,0.738,0.7416,0.73765,0.74005,,,
1111,20210806,0.7403,0.74065,0.73465,0.7356,,,
1112,20210809,0.73595,0.7364,0.7328,0.7333,,,
1113,20210810,0.7333,0.7356,0.7316,0.73465,,,
1114,20210811,0.7347,0.73895,0.73235,0.73715,,,
1115,20210812,0.7369,0.7377,0.7332,0.7336,,,
1116,20210813,0.734,0.73815,0.73335,0.73715,,,
1117,20210816,0.7371,0.73755,0.73195,0.73355,,,
1118,20210817,0.73355,0.7341,0.72425,0.72535,,,
1119,20210818,0.7251,0.72695,0.7229,0.7234,,,
1120,20210819,0.72355,0.7243,0.71425,0.7147,,,
1121,20210820,0.7148,0.71565,0.7106,0.71355,,,
1122,20210823,0.71365,0.7218,0.7126,0.72115,,,
1123,20210824,0.7211,0.7271,0.7201,0.7258,,,
1124,20210825,0.7259,0.72805,0.72375,0.7276,,,
1125,20210826,0.7275,0.728,0.72345,0.7237,,,
1126,20210827,0.72375,0.7317,0.7222,0.731,,,
1127,20210830,0.73075,0.73185,0.72845,0.7296,,,
1128,20210831,0.72955,0.73415,0.7288,0.73155,,,
1129,20210901,0.73155,0.7384,0.7308,0.73665,,,
1130,20210902,0.7364,0.741,0.7356,0.74005,,,
1131,20210903,0.7401,0.7478,0.73955,0.7454,,,
1132,20210906,0.7453,0.74555,0.74265,0.744,,,
1133,20210907,0.74385,0.74685,0.73745,0.73875,,,
1134,20210908,0.739,0.7404,0.7345,0.7365,,,
1135,20210909,0.7365,0.73945,0.7347,0.7367,,,
1136,20210910,0.7367,0.741,0.73485,0.73565,,,
1137,20210913,0.73575,0.73755,0.7336,0.73695,,,
1138,20210914,0.7366,0.73735,0.73135,0.73195,,,
1139,20210915,0.732,0.7339,0.73015,0.7332,,,
1140,20210916,0.73335,0.73475,0.7274,0.72925,,,
1141,20210917,0.72925,0.7322,0.72625,0.7267,,,
1142,20210920,0.7264,0.72695,0.72205,0.7252,,,
1143,20210921,0.72525,0.7283,0.7222,0.72325,,,
1144,20210922,0.72295,0.72965,0.72235,0.7241,,,
1145,20210923,0.72405,0.73155,0.7223,0.72955,,,
1146,20210924,0.73005,0.73165,0.7236,0.72605,,,
1147,20210927,0.72625,0.7294,0.72495,0.7286,,,
1148,20210928,0.7285,0.7311,0.72255,0.7238,,,
1149,20210929,0.72405,0.72645,0.71705,0.71755,,,
1150,20210930,0.7178,0.72575,0.71735,0.7227,,,
1151,20211001,0.7228,0.72765,0.7192,0.7266,,,
1152,20211004,0.7266,0.7304,0.72515,0.7287,,,
1153,20211005,0.7289,0.7309,0.7249,0.7292,,,
1154,20211006,0.72915,0.72935,0.7226,0.72725,,,
1155,20211007,0.72735,0.73245,0.72695,0.7312,,,
1156,20211008,0.7313,0.73385,0.7288,0.73095,,,
1157,20211011,0.7308,0.7373,0.72925,0.73465,,,
1158,20211012,0.73505,0.73845,0.73325,0.73515,,,
1159,20211013,0.73485,0.7382,0.73235,0.7379,,,
1160,20211014,0.73775,0.74265,0.7372,0.74155,,,
1161,20211015,0.74135,0.744,0.74035,0.74165,,,
1162,20211018,0.74155,0.74375,0.73785,0.74125,,,
1163,20211019,0.74125,0.74855,0.74075,0.7474,,,
1164,20211020,0.74715,0.7523,0.7465,0.75165,,,
1165,20211021,0.7509,0.75465,0.74585,0.7467,,,
1166,20211022,0.7466,0.75125,0.7454,0.7466,,,
1167,20211025,0.7466,0.75055,0.7464,0.74915,,,
1168,20211026,0.749,0.75255,0.74845,0.7502,,,
1169,20211027,0.74995,0.7536,0.74875,0.75165,,,
1170,20211028,0.75165,0.75555,0.74795,0.7543,,,
1171,20211029,0.75415,0.75555,0.75005,0.75225,,,
1172,20211101,0.75175,0.7536,0.7486,0.75235,,,
1173,20211102,0.75195,0.75325,0.74205,0.7429,,,
1174,20211103,0.7427,0.74585,0.74125,0.74475,,,
1175,20211104,0.7448,0.7471,0.7383,0.7401,,,
1176,20211105,0.73995,0.74125,0.736,0.74015,,,
1177,20211108,0.7404,0.7431,0.73845,0.74235,,,
1178,20211109,0.74245,0.7432,0.7361,0.7378,,,
1179,20211110,0.7381,0.73935,0.7324,0.73265,,,
1180,20211111,0.73185,0.7341,0.7287,0.7293,,,
1181,20211112,0.7292,0.73355,0.72765,0.7331,,,
1182,20211115,0.7329,0.73705,0.73235,0.73465,,,
1183,20211116,0.7348,0.7368,0.72925,0.7304,,,
1184,20211117,0.7301,0.7305,0.7259,0.72665,,,
1185,20211118,0.7267,0.72935,0.72495,0.72765,,,
1186,20211119,0.72755,0.72915,0.7227,0.72335,,,
1187,20211122,0.72315,0.72735,0.7221,0.7225,,,
1188,20211123,0.72275,0.72365,0.7207,0.7227,,,
1189,20211124,0.7227,0.72285,0.7184,0.71945,,,
1190,20211125,0.7198,0.72095,0.71805,0.71895,,,
1191,20211126,0.7191,0.71945,0.71125,0.7125,,,
1192,20211129,0.7128,0.71595,0.71135,0.7142,,,
1193,20211130,0.7143,0.71705,0.7063,0.7128,,,
1194,20211201,0.71275,0.7173,0.7095,0.71065,,,
1195,20211202,0.7107,0.712,0.70845,0.7094,,,
1196,20211203,0.70965,0.7098,0.6993,0.70005,,,
1197,20211206,0.7002,0.70545,0.6999,0.70505,,,
1198,20211207,0.70535,0.7123,0.70395,0.7119,,,
1199,20211208,0.71205,0.7184,0.71155,0.7171,,,
1200,20211209,0.71725,0.7187,0.71355,0.71495,,,
1201,20211210,0.7146,0.71825,0.7132,0.71735,,,
1202,20211213,0.71625,0.71765,0.71105,0.71325,,,
1203,20211214,0.71325,0.7136,0.709,0.7105,,,
1204,20211215,0.71,0.71775,0.70925,0.717,,,
1205,20211216,0.717,0.7224,0.71455,0.71835,,,
1206,20211217,0.7183,0.7186,0.7123,0.71245,,,
1207,20211220,0.7132,0.7133,0.70825,0.7111,,,
1208,20211221,0.71105,0.7156,0.7099,0.71535,,,
1209,20211222,0.7155,0.72205,0.7121,0.7214,,,
1210,20211223,0.7213,0.7252,0.7196,0.72445,,,
1211,20211224,0.7244,0.72455,0.7218,0.72265,,,
1212,20211227,0.7228,0.7245,0.7206,0.7239,,,
1213,20211228,0.72375,0.7264,0.7219,0.72285,,,
1214,20211229,0.7229,0.72725,0.7213,0.725,,,
1215,20211230,0.72575,0.7276,0.72435,0.72495,,,
1216,20211231,0.72565,0.72775,0.7244,0.72695,,,
1217,20220103,0.7264,0.7277,0.7184,0.71905,,,
1218,20220104,0.71915,0.7249,0.7185,0.72375,,,
1219,20220105,0.72385,0.72725,0.7215,0.72215,,,
1220,20220106,0.722,0.7223,0.7146,0.71625,,,
1221,20220107,0.7165,0.71875,0.713,0.71805,,,
1222,20220110,0.71775,0.72025,0.7149,0.717,,,
1223,20220111,0.71725,0.72135,0.7155,0.721,,,
1224,20220112,0.7211,0.72925,0.72005,0.72845,,,
1225,20220113,0.72835,0.73145,0.72735,0.7282,,,
1226,20220114,0.7282,0.72935,0.71985,0.72075,,,
1227,20220117,0.7221,0.72295,0.71955,0.7211,,,
1228,20220118,0.72095,0.7228,0.717,0.7184,,,
1229,20220119,0.7184,0.72385,0.7177,0.72115,,,
1230,20220120,0.721,0.72765,0.72085,0.7226,,,
1231,20220121,0.7229,0.7233,0.71715,0.71745,,,
1232,20220124,0.71755,0.7188,0.70905,0.71445,,,
1233,20220125,0.7143,0.7177,0.71215,0.71515,,,
1234,20220126,0.71535,0.71815,0.7096,0.7115,,,
1235,20220127,0.71155,0.71215,0.7024,0.70345,,,
1236,20220128,0.7031,0.7046,0.69675,0.69945,,,
1237,20220131,0.69925,0.70765,0.69875,0.70675,,,
1238,20220201,0.7066,0.7131,0.70335,0.71285,,,
1239,20220202,0.71275,0.7159,0.71185,0.71365,,,
1240,20220203,0.71365,0.71685,0.71095,0.71385,,,
1241,20220204,0.71365,0.7152,0.70515,0.7076,,,
1242,20220207,0.708,0.71305,0.70655,0.7126,,,
1243,20220208,0.7124,0.7147,0.71065,0.7146,,,
1244,20220209,0.7145,0.71945,0.7142,0.7179,,,
1245,20220210,0.7181,0.7249,0.7147,0.71665,,,
1246,20220211,0.71685,0.71855,0.71085,0.71335,,,
1247,20220214,0.71285,0.71505,0.70865,0.71275,,,
1248,20220215,0.7129,0.71565,0.7102,0.7152,,,
1249,20220216,0.71515,0.7205,0.71435,0.71945,,,
1250,20220217,0.71945,0.72175,0.715,0.7187,,,
1251,20220218,0.71905,0.7228,0.7165,0.71775,,,
1252,20220221,0.7176,0.72225,0.7167,0.71895,,,
1253,20220222,0.71885,0.72335,0.7172,0.72205,,,
1254,20220223,0.72215,0.7284,0.7218,0.72335,,,
1255,20220224,0.7231,0.72325,0.70945,0.7163,,,
1256,20220225,0.7165,0.7238,0.71395,0.7229,,,
1257,20220228,0.71865,0.72655,0.71675,0.72625,,,
1258,20220301,0.72615,0.729,0.7238,0.72525,,,
1259,20220302,0.72555,0.73065,0.72435,0.7297,,,
1260,20220303,0.72965,0.73475,0.72765,0.73285,,,
1261,20220304,0.7327,0.73805,0.73005,0.73745,,,
1262,20220307,0.7375,0.74415,0.73115,0.7315,,,
1263,20220308,0.73155,0.73485,0.72455,0.727,,,
1264,20220309,0.7269,0.73375,0.7264,0.7321,,,
1265,20220310,0.7319,0.73675,0.72875,0.73565,,,
1266,20220311,0.73525,0.73675,0.72825,0.72915,,,
1267,20220314,0.72915,0.7299,0.71865,0.7188,,,
1268,20220315,0.71925,0.72275,0.7165,0.71955,,,
1269,20220316,0.71945,0.7297,0.71805,0.729,,,
1270,20220317,0.72865,0.7393,0.72825,0.73765,,,
1271,20220318,0.73745,0.7418,0.73605,0.7415,,,
1272,20220321,0.74125,0.7425,0.7374,0.74005,,,
1273,20220322,0.73945,0.74715,0.73755,0.7469,,,
1274,20220323,0.7466,0.75075,0.745,0.74995,,,
1275,20220324,0.74965,0.75275,0.74665,0.75135,,,
1276,20220325,0.75135,0.7537,0.7495,0.7515,,,
1277,20220328,0.75185,0.754,0.74665,0.749,,,
1278,20220329,0.7492,0.7519,0.7456,0.75095,,,
1279,20220330,0.7507,0.75365,0.75025,0.75105,,,
1280,20220331,0.751,0.7526,0.74705,0.74835,,,
1281,20220401,0.74845,0.75245,0.74725,0.74955,,,
1282,20220404,0.7489,0.75565,0.7483,0.7543,,,
1283,20220405,0.75455,0.76615,0.7536,0.75785,,,
1284,20220406,0.7579,0.7593,0.74855,0.75095,,,
1285,20220407,0.7509,0.75195,0.7467,0.74795,,,
1286,20220408,0.74815,0.7493,0.74265,0.746,,,
1287,20220411,0.7462,0.7466,0.7414,0.74175,,,
1288,20220412,0.74215,0.74935,0.73995,0.74555,,,
1289,20220413,0.746,0.7475,0.7392,0.74525,,,
1290,20220414,0.74515,0.74685,0.73975,0.7416,,,
1291,20220415,0.7418,0.742,0.7391,0.7393,,,
1292,20220418,0.73975,0.74035,0.7343,0.73495,,,
1293,20220419,0.7347,0.74,0.73455,0.7375,,,
1294,20220420,0.73775,0.74575,0.73725,0.7451,,,
1295,20220421,0.7449,0.7458,0.7365,0.73695,,,
1296,20220422,0.73745,0.73775,0.73315,0.7341,,,
